id,name,email,country,singup_date
1,Staci Crockatt,staci.crockatt@gmail.com,India,2020-01-07
10,Irene Mountcastle,irene.mountcastle@yahoo.fr,Singapore,2020-04-01
100,Giorgi Rollitt,giorgi.rollitt@gmail.com,Croatia,2020-02-28
11,Roddie Sarch,roddie.sarch@hotmail.com,France,2020-01-28
12,Caryl Roubottom,caryl.roubottom@hotmail.com,Algeria,2020-01-30
13,Mohammed Mousby,mohammed.mousby@gmail.com,Belarus,2020-02-14
14,Sonny Wybern,sonny.wybern@alice.it,Mexico,2020-04-03
15,Vale Birds,vale.birds@yahoo.fr,Romania,2020-01-22
16,Zebadiah Blackesland,zebadiah.blackesland@yahoo.com,Japan,2020-02-25
17,Agnesse Raspison,agnesse.raspison@yahoo.com,India,2020-02-12
18,Spenser Ricson,spenser.ricson@skynet.be,Germany,2020-03-07
19,Rhianna Boni,rhianna.boni@yahoo.com.br,France,2020-02-08
2,Vivie Upstone,vivie.upstone@hotmail.com,Argentina,2020-03-20
20,Ricki Cantos,ricki.cantos@hotmail.com,Switzerland,2020-02-01
21,Fidel Smissen,fidel.smissen@yahoo.com,United States,2020-03-22
22,Felicle Sullly,felicle.sullly@yahoo.com,United States,2020-01-03
23,Delphinia Buntine,delphinia.buntine@hotmail.com,United Arab Emirates,2020-02-07
24,Joly Fulbrook,joly.fulbrook@yahoo.com.au,Spain,2020-04-10
25,Nancee Dermott,nancee.dermott@planet.nl,Peru,2020-02-04
26,Sallyann Myhill,sallyann.myhill@comcast.net,Mexico,2020-01-29
27,Helen Fawlks,helen.fawlks@gmail.com,South Africa,2020-02-13
28,Bren Blundel,bren.blundel@gmail.com,India,2020-03-15
29,Nan Garter,nan.garter@aol.com,United Kingdom,2020-02-09
3,Harmonia Winship,harmonia.winship@yahoo.com,Ukraine,2020-01-26
30,Darsie Staton,darsie.staton@gmail.com,United States,2020-01-10
31,Althea Fall,althea.fall@gmail.com,Russia,2020-02-11
32,Honor Bamblett,honor.bamblett@hotmail.com,South Korea,2020-02-22
33,Hercules Cayton,hercules.cayton@aol.com,Japan,2020-03-02
34,Blinnie Portam,blinnie.portam@verizon.net,France,2020-01-09
35,Barby MacTrustie,barby.mactrustie@yahoo.com,Ukraine,2020-03-04
36,Bridget Gerhold,bridget.gerhold@yahoo.com,Spain,2020-01-18
37,Everard Coite,everard.coite@yahoo.co.uk,Lithuania,2020-04-07
38,Merrie Cominoli,merrie.cominoli@yahoo.com,Croatia,2020-01-31
39,Korry Enbury,korry.enbury@yahoo.com,Sweden,2020-03-23
4,Merry Ellif,merry.ellif@yahoo.com,France,2020-03-10
40,Brooks Gutierrez,brooks.gutierrez@yahoo.com,United Arab Emirates,2020-03-16
41,Isabelita Boshard,isabelita.boshard@orange.fr,Algeria,2020-01-25
42,Flossy Leyninye,flossy.leyninye@yahoo.com,Costa Rica,2020-02-15
43,Lenora Bryning,lenora.bryning@gmail.com,Portugal,2020-03-26
44,Fredi McConnachie,fredi.mcconnachie@uol.com.br,United States,2020-02-06
45,Birk Bosket,birk.bosket@yahoo.com,Finland,2020-01-08
46,Charline Whitely,charline.whitely@hotmail.com,Algeria,2020-02-26
47,Bernete Bayford,bernete.bayford@hotmail.com,Faroe Islands,2020-03-21
48,Dallas Marvelley,dallas.marvelley@gmail.com,Germany,2020-01-23
49,Corabella Dearden,corabella.dearden@rambler.ru,Italy,2020-01-16
5,Conn Theodoris,conn.theodoris@yahoo.com.mx,Mexico,2020-01-24
50,Loren Salkeld,loren.salkeld@aol.com,South Korea,2020-02-16
51,Ernesto Newvill,ernesto.newvill@hotmail.com,Latvia,2020-04-06
52,Joann Benham,joann.benham@gmail.com,Austria,2020-03-05
53,Meara Dimic,meara.dimic@hotmail.com,Australia,2020-04-08
54,Wallie Sugge,wallie.sugge@sky.com,Algeria,2020-03-30
55,Nev Thick,nev.thick@hotmail.com,Singapore,2020-02-20
56,Packston Capes,packston.capes@hotmail.com,Turkey,2020-02-17
57,Reyna Rouf,reyna.rouf@yahoo.co.in,France,2020-04-04
58,Rosa Crutchley,rosa.crutchley@me.com,South Korea,2020-01-14
59,Calypso Taynton,calypso.taynton@yahoo.com,Poland,2020-01-11
6,Barris Gartshore,barris.gartshore@msn.com,Russia,2020-03-08
60,Giovanni Stowe,giovanni.stowe@live.fr,Peru,2020-04-02
61,Shelley Klagges,shelley.klagges@yahoo.com,Singapore,2020-01-21
62,Clarissa Johananoff,clarissa.johananoff@hotmail.com,Russia,2020-03-01
63,Layney Gornar,layney.gornar@yahoo.com,Singapore,2020-03-03
64,Marvin Garrettson,marvin.garrettson@gmail.com,Russia,2020-03-09
65,Nikolas Fones,nikolas.fones@gmail.com,Poland,2020-01-02
66,Carr Macconaghy,carr.macconaghy@yahoo.com,India,2020-03-11
67,Leandra Fish,leandra.fish@yahoo.co.uk,India,2020-03-13
68,Wilek Simonutti,wilek.simonutti@gmail.com,Portugal,2020-02-23
69,Athene Filer,athene.filer@yahoo.com,Croatia,2020-01-27
7,Ely Chaperlin,ely.chaperlin@hotmail.com,Ukraine,2020-03-06
70,Ernestine Ugoni,ernestine.ugoni@yahoo.com,South Korea,2020-03-24
71,Elsy Giggs,elsy.giggs@yahoo.com,Turkey,2020-03-25
72,Fern Dunsford,fern.dunsford@hotmail.com,Bulgaria,2020-02-05
73,Gardener Ramsell,gardener.ramsell@yahoo.com,Spain,2020-03-17
74,Elianore Daelman,elianore.daelman@aol.com,India,2020-01-17
75,Elenore Cadwaladr,elenore.cadwaladr@yahoo.com,Lithuania,2020-01-13
76,Adelaida Heild,adelaida.heild@hotmail.com,India,2020-03-31
77,Cherish Ogelsby,cherish.ogelsby@hotmail.com,United Arab Emirates,2020-02-03
78,Jermain Milne,jermain.milne@yahoo.com,Singapore,2020-01-15
79,Gerti Cropp,gerti.cropp@hotmail.com,Spain,2020-02-19
8,Marta Capaldi,marta.capaldi@yandex.ru,Argentina,2020-01-19
80,Enriqueta Allett,enriqueta.allett@aol.com,Lithuania,2020-02-24
81,Rey Lotte,rey.lotte@hotmail.com,Ukraine,2020-02-21
82,Bird Errichi,bird.errichi@yahoo.com,India,2020-03-27
83,Jillayne Niaves,jillayne.niaves@yahoo.co.in,Latvia,2020-03-14
84,Eugene Pickover,eugene.pickover@gmail.com,Argentina,2020-01-06
85,Hailee Stickels,hailee.stickels@hotmail.fr,Czech Republic,2020-02-27
86,Melinde Brusin,melinde.brusin@gmail.com,Singapore,2020-03-12
87,Jarred Antonov,jarred.antonov@hotmail.de,Argentina,2020-01-05
88,Teresa Bedo,teresa.bedo@gmail.com,Peru,2020-01-01
89,Myrtia Drakard,myrtia.drakard@hotmail.com,Norway,2020-03-28
9,Karia Bassano,karia.bassano@yahoo.co.uk,Australia,2020-01-12
90,Madlen Rosenshine,madlen.rosenshine@yahoo.com,Mexico,2020-01-04
91,Shelden Warnock,shelden.warnock@hotmail.com,Romania,2020-03-29
92,Hollyanne Airds,hollyanne.airds@hotmail.com,Argentina,2020-02-10
93,Clemmy McWilliams,clemmy.mcwilliams@aliceadsl.fr,United States,2020-02-18
94,Nadya Gowen,nadya.gowen@yahoo.com,Spain,2020-02-02
95,Bail Fellenor,bail.fellenor@yahoo.com,Portugal,2020-02-29
96,Alberto MacFall,alberto.macfall@gmail.com,France,2020-01-20
97,Lewiss Warren,lewiss.warren@gmail.com,Italy,2020-03-19
98,Fanya Conway,fanya.conway@yahoo.com,Spain,2020-04-05
99,Giusto McKag,giusto.mckag@yahoo.co.in,South Africa,2020-03-18
